[{"stylers":[{"hue":"#bbff00"},{"weight":0.5},{"gamma":0.5}]},{"elementType":"labels","stylers":[{"visibility":"off"}]},{"featureType":"landscape.natural","stylers":[{"color":"#a4cc48"}]},{"featureType":"road","elementType":"geometry","stylers":[{"color":"#ffffff"},{"visibility":"on"},{"weight":1}]},{"featureType":"administrative","elementType":"labels","stylers":[{"visibility":"on"}]},{"featureType":"road.highway","elementType":"labels","stylers":[{"visibility":"simplified"},{"gamma":1.14},{"saturation":-18}]},{"featureType":"road.highway.controlled_access","elementType":"labels","stylers":[{"saturation":30},{"gamma":0.76}]},{"featureType":"road.local","stylers":[{"visibility":"simplified"},{"weight":0.4},{"lightness":-8}]},{"featureType":"water","stylers":[{"color":"#4aaecc"}]},{"featureType":"landscape.man_made","stylers":[{"color":"#718e32"}]},{"featureType":"poi.business","stylers":[{"saturation":68},{"lightness":-61}]},{"featureType":"administrative.locality","elementType":"labels.text.stroke","stylers":[{"weight":2.7},{"color":"#f4f9e8"}]},{"featureType":"road.highway.controlled_access","elementType":"geometry.stroke","stylers":[{"weight":1.5},{"color":"#e53013"},{"saturation":-42},{"lightness":28}]}]